-0.020929641388610098,-0.0022512102863825,9.697054105716088
0.0023024299521743983,0.055175315511786886,10.726089564755283
0.14915609391911008,0.0584912616117789,10.59092803286739
0.010693086724475838,-0.06871620262837629,10.76957651970127
0.013468481585603893,-0.0392600932826368,10.366896724799483
0.08112077960405718,-0.0010767234957319233,10.182631174423124
0.03721463845093706,0.06696581360347707,9.187482327927759
-0.04750853482064128,-0.07762299311951952,8.625626711105664
-0.05144480452339389,-0.04934769344078189,9.142075388712401
-0.02390067005914488,0.05133935086353097,9.138871198427351
0.04884496366031191,-0.0026020010783606327,10.071685610842579
-0.04467612494418341,-0.03627229307893052,10.184362063615094
0.0569459005482906,0.04617910464883554,10.883512285985946
0.015802081205976988,0.07378747231929109,11.096084676037277
-0.006685742901476922,0.06831214667786986,10.268055926978594
-0.058130165955603975,0.015425310417690578,9.87661769030393
0.020442968669663684,0.04279098982779245,8.651072284315397
-0.04142874979762479,-0.028703980791093753,7.638849471185675
-0.0859631579020408,-0.0022622564734426868,7.71862420731104
0.0684902566130795,-0.05886988359133304,9.01105249250181
-0.024350353925286387,0.04833180868567698,9.910922184196949
0.011985293145048419,-0.015640429180322556,10.461226629115808
-0.022844580638954858,-0.026068589119638837,11.533919883498266
0.027127325182290288,0.001283493385285731,11.08058067532053
-0.05663717520764044,0.02067056523908529,10.101215460676418
0.04153031331698161,0.010423866403252623,9.759139565111857
-0.03033444752012055,-0.00036835120566665195,8.80075196665851
-0.04572527793872072,0.0093274727727774,8.605048306572787
-0.06700321650379344,0.08368694334877329,8.053524782891522
0.02457367423347856,-0.03975793042292144,8.86299066029938
-0.021477869432811717,-0.05967534079251792,10.310825433163572
-0.045222560031490125,0.0598478224476186,10.604278402072646
-0.024837523451795726,0.03471514820307039,11.405729190939793
-0.0017892070133815885,0.012858893605128568,11.776119028767164
0.042152058834608104,0.028212254611960332,10.332630487024904
-0.04233935657341169,0.0041012097725239656,9.738217420006691
-0.03867456799408679,-0.048561788550061435,9.16359884892131
-0.011613612987715785,-0.0027662564284691334,8.22233090855981
0.03452591439019936,0.01855831135919173,8.899449419885014
0.033197444572837416,0.02762480609006216,9.07609690830347
0.012948279233349179,0.037112719133210965,9.08145293470132
0.046576076138878604,0.030232564337619918,10.031246329124745
-0.003817001295838245,0.013267590875871031,10.69252401865354
-0.07541515540871822,0.053942975992480484,11.069102051559284
0.030932990030671178,-0.01369770226579977,10.298962806644015
0.05718881181565604,-0.02827694847554966,8.9296700575578
0.0586680123531435,-0.07330601436149042,9.729171788708383
0.03566899068618243,-0.019207589159562555,9.247816920893817
0.0018755321428870029,-0.021987956136455253,9.286817028935168
-0.019432239564915396,-0.049648179730164194,9.18154499322365
0.015818671498783618,-0.03623336494269764,9.654039261330666
0.019389106899590943,0.0211220171326338,10.34942391746176
0.05551196133109185,0.05933319508330497,11.550178616732067
-0.006815290332733192,-0.001630611776193423,11.380438586948141
-0.024297234764452787,0.001114263364449228,10.483007753630789
0.02346200421885256,0.08021969910214825,9.120552472332962
-0.023838153552979545,0.03897677951271554,8.591813670298691
-0.06843467890345781,-0.03701189773993239,8.722450281379672
0.016535162062723548,0.04878167103693777,9.025453353819618
-0.02088823384450275,0.04161570465707691,8.75264780670367
-0.06721327229155373,0.045960034605693686,10.47975013473282
0.037593233329830916,0.004558081260697326,11.343181567813614
-0.09630120067161074,0.016281981789517265,10.231231747218683
0.04811748371874083,-0.003281968365501693,10.593311161914233
0.0033715966330585233,0.02932836152318882,10.213842925243778
0.0006272698418128668,-0.07064737167417182,9.000228027892554
-0.05802017692006959,-0.05903641679892149,9.365133301357236
0.04462985990490718,0.07238784402501662,8.848271731133408
0.007268037651566427,0.01579785969550351,8.177365394645378
0.02646790449486593,0.004682027797062221,9.364093382535925
0.08262080472614537,0.03865134320316652,10.258656557981661
-0.032667754762216665,-0.0010009580252110448,10.148726457390698
-0.06801638449336182,0.05725641827783369,11.181702177624746
0.0293244727323269,0.046477198154981275,10.822968786978214
0.039490157346356,-0.01853585687929852,10.434206831576917
0.05583781588271505,-0.013922246753697468,10.211709715693903
-0.007603730140201529,0.0002422588378180486,8.720356986905212
0.06325375584112357,-0.04912809688324035,8.914511639973625
-0.003422405090371296,-0.03151232459060343,7.996737228575968
-0.004991220236580402,0.024908260805987993,8.894217284666727
-0.05073133067090612,0.0431943847310724,9.768442721824657
-0.038039942372372626,-0.014945571584778675,10.40996166810223
0.07238017646462346,-0.0283073290335639,10.629251162781816
-0.003518657882187604,-0.020721111835440016,11.13773061264436
-0.0533357481558689,-0.07230178102878347,10.044819271791184
0.005648262076879896,-0.019596135131220396,9.693831457891513
0.002592388372583243,-0.016141586811939248,9.474749504977156
-0.051623113932113864,-0.04083540728190049,8.200085658229982
0.01019768281895412,-0.013481831641220724,8.87114184037857
0.058866491667899284,0.010885699195799643,9.061005698254323
-0.06390446877928227,0.03561135326441781,9.801498832233522
-0.06174631292793027,0.05273044655367001,10.555410677822534
-0.06114638511447634,-0.013585531897676334,10.828844537179677
-0.041660230204062794,-0.04116378680182184,10.894795433003388
0.09209503129500932,0.03705614230759579,10.415752151650176
0.009001989604706925,-0.03328578418989743,10.330950495166672
0.008580508338899076,0.02474980132171867,9.445155803404097
-0.023653857413188983,-0.013742565820484783,9.270357562258472
-0.07045382738931535,-0.013086063545919844,8.756633918159228
0.006971588395751481,-0.029784803464194223,9.358589954854182
-0.09133940787565831,0.12012758381062967,10.731826241974028
-0.07647577622294105,0.04654763799687513,11.039152605005723
-0.09694747824642737,0.011326990613647458,11.273312196540449
0.0021489389038751162,0.017691052915111923,10.703740294260214
0.01812645576346353,-0.0518353834233414,9.83227548539475
-0.012471403043735757,0.04123589670444813,9.39715204535257
-0.007570697822484438,-0.04602490777059526,9.551099677372811
0.025788711072010792,-0.03511612939791039,8.217805287380877
-0.007569692120431507,-0.030032589111786075,9.646847323361927
0.013017539130772103,0.02407937660763476,10.43944569221619
0.00425084129640009,0.043990067222922105,9.412428839904731
-0.06717253901752,0.0378556380761981,10.061392873823095
-0.011632705475641195,-0.05709373075828177,11.244588042381189
0.013606958824323112,-0.019316241708898563,11.344957286138676
-0.09398452641054608,-9.951648181899158e-05,10.69926669019353
-0.08411843057697527,0.09751655039561431,9.238818625329346
-0.007789653913097063,0.09862877824883089,9.001474825331417
0.0004631304445904202,0.020672633237330946,9.025161773664014
0.009171285221055337,0.013824356769545255,8.229878802072779
-0.08085020959987083,-0.07086409263741095,8.538437386501727
0.03777936887951682,0.05189781115722704,9.890110547284147
-0.007552145443232374,-0.025987177208038004,11.04904108295902
0.07276484541757523,0.007351384811764893,11.087626138507124
0.05777665457564274,0.04334070570841328,10.023050080017354
-0.04009575724812713,0.00867137413688726,9.983690607017337
0.002103340119979683,-0.04186144888789681,9.750098150984583
0.02847266896740598,-0.09009746719233547,8.941442645969525
-0.04879318525204077,-0.0248344840335455,8.927647942635382
-0.029755795196112413,0.11506318423505757,8.25855036206363
0.03889527443437669,-0.00014201968401488503,8.30285646002357
-0.014699077613992403,-0.0029095391648311835,9.8024631489502
0.09270495158150145,-0.03402531139640993,10.288117783702301
0.014069209449418866,0.021225616151956065,11.091313193136129
0.005447029604680225,-0.022601837020199047,10.321605713518434
0.06547337300514376,-0.03633870943666156,10.92536031187288
-0.0003786677774502746,0.03532624011688558,9.599989360930723
-0.017347501597216285,0.07096961930136712,9.337099703317222
0.04617319713654723,-0.059062603981463506,8.963830505888144
-0.013853778659768827,0.09673768205935705,8.543238082544978
0.014330849181399992,0.022405720382402006,8.531413654582366
0.04315719534695624,0.018312916832558226,10.466348212841842
0.14797263322885124,-0.01349035220467996,10.814375706207887
-0.04970075552099765,0.015340491437509094,10.571950527614803
0.006615042711541609,0.03280102055917316,10.922049554704767
0.011534465089275856,0.11238484495516528,11.733317714855723
0.016575944956042293,0.026021378058940555,9.587110033275296
-0.0385981455608879,-0.045379283887095244,8.935469993327095
0.01946566963701364,0.02331899468361665,8.511195714612231
0.04131741201937126,0.037519399428634324,8.75579137358452
-0.006624989721472782,0.007575727607585962,9.493506715442354
0.1602250084323137,-0.037405163206772084,10.248171825087432
0.019326202646628834,-0.07724807277907045,10.438893456247296
-0.07450427607214626,0.04215362993313977,11.02209477658209
-0.008970453167510835,0.0717364754137288,10.385720102982809
-0.040314462614266425,-0.08234991961534671,11.392426099285466
0.02180563793791646,0.01429591626909811,8.736112874975877
-0.03996526233853387,0.05867208020924648,8.78296691380396
-0.04381673572479946,0.09614703220849893,8.087430085820468
-0.005036035971661309,0.027221155397944202,8.70833234807792
0.015180066264891165,0.0213713082252351,8.822940125115478
-0.10297732805402256,-0.01823399817941837,9.716830124789661
-0.10247724680242694,0.0011257460808660681,10.58840185004386
0.020758725002574252,0.008709642795518634,10.850218288165722
0.03540465420308594,-0.0022281334341703782,10.466436947326155
0.04375757506929913,-0.01858549534572593,10.996349844150501
0.0703445524927153,0.06348032672231244,9.212947006241865
-0.06342191835512893,0.06670168066122854,9.03658941867515
0.005695719640465731,-0.0017237903640434243,8.712607654746828
0.008036006143082025,0.00029361219862687174,9.08046962141404
0.08025096120160903,-0.07371781728822462,8.558586990258751
0.03076279195321407,-0.005182860761327111,10.099576851724427
0.016778638264687906,-0.07414256084511055,9.512003785048178
0.044670712423027156,-0.07120113321537579,10.70771471409499
0.06497492056467066,-0.021420295349048428,11.088221015811813
0.058729847247328416,-0.016200273408867306,10.274782826673702
-0.019300866292738656,-0.013608974752801501,8.818223339710675
-0.013884772174262034,-0.02822695314915818,8.494935267953291
0.0072770211628858765,-0.015121923959864215,7.743962373337413
-0.006882388617283544,-0.008327231274094817,9.080843280346262
-0.04031800362391833,0.007585758640180607,8.761454240658844
0.031439119157789734,-0.0004218612954719563,10.512019245085883
-0.06839282929754269,-0.022550303406917327,10.574388698277223
-0.061579580419934166,0.0029465941105627186,11.28484257799011
-0.0063812046845174945,0.041835336585998854,11.435351798574636
0.01850756028852674,0.004442570346734008,10.003375893595617
-0.018034101333866234,-0.005654789372639574,9.094159190701113
0.036409538335028295,-0.029578185585591735,9.14676337897157
-0.005630504275407272,-0.04857763595316408,8.164931159383652
-0.035318694222582186,0.029228952869390392,8.879997918765612
0.01863604336336832,0.0015004380082194867,8.230496648527337
-0.0015044816929680894,-0.050677568328687264,11.012732117464246
-0.019584740752151993,0.0074148446603688675,11.351254286518415
-0.05886911381091242,0.022019985460950794,12.103800991327324
-0.014400785620984957,-0.06230600546800687,11.223268851385427
0.0526649986781507,-0.013372316899437593,10.831198725103908
0.02255247315589798,0.05446087350872654,9.146314798829604
-0.013588982413614767,0.09999023993865402,8.893841734965404
-0.04873946890884481,0.06506454773900223,9.580602135363467
0.08711688877158813,0.05982956118653093,9.315865692565378
-0.04571326980532693,-0.01048816557848671,9.007837395637901
-0.04085279193502843,0.004541905768317368,10.413678261366176
-0.026410654962251784,-0.011121206023438607,10.956116425873304
0.0006038490281795064,-0.03319133390350291,11.06903144015524
0.007759940227234899,-0.005058042926614245,10.274734123104356
-0.033170879930967165,-0.08424315783450398,10.789599873083302
-0.006224809771452355,0.008084369115680603,9.31545808164942
0.010561160365322004,0.009434348226131338,9.388762035682575
-0.03603358200538698,-0.0024162678160951365,9.203216951627669
0.014822511161670557,0.0036479361773842315,8.707476641074557
0.0015472669536327182,0.03137300897686176,8.621338113147187
0.0786480373275303,-0.02343823365798561,9.957700038367543
0.06271221839073296,-0.031525064657995636,10.394093898490318
0.005746465458216253,0.0479822966570982,11.659455050834902
-0.023986174705626532,0.022745447205149594,10.71458213175389
-0.031712366740892825,-0.03351335543847426,11.022330153606413
-0.044978717332458194,0.03992260418388973,9.438417967632866
-0.024595246514774433,-0.010099816457045436,9.257272901465548
0.0049207191321253944,-8.580094471620201e-05,8.460818141178594
-0.03815479390804084,0.009198409626373414,9.156238417094723
0.01603979285124677,0.03560991512041712,9.055446553519559
0.04291234555860961,-0.018405692021855827,10.349070040236228
0.03961598026132785,0.10736638287045322,11.29973435180683
-0.07715275403825626,-0.016922489174996724,11.613979527984739
-0.023789883870439996,0.0013737590777190998,9.68276270572609
0.020889385999825576,-0.016989671048351022,11.0260043767397
0.06383743429465337,0.0743925894098149,9.452981787761939
-0.07689706106326848,0.029077153400024393,10.12971374340419
-0.029280591304265947,0.016868111393261803,8.308932593282545
-0.059310503050851185,-0.027087942164981782,9.766744142981818
-0.005910380657124432,0.028821257607099256,9.346746438421421
-0.07357170341548074,0.028413064017998764,10.549371157251924
0.004625978531827785,0.0068662367368448945,10.63873299442338
-0.05793050435876316,-0.035135953392066724,11.521883040884065
-0.025582071009120296,-0.040829343991864754,11.040492033963304
-0.09889371960760567,-0.04600392760930943,10.884662542565579
-0.059469510628492955,0.07121175899705037,9.25706665082848
-0.08561674389931939,-0.07605905137709366,7.76805062391144
0.038659903415479646,-0.044294341071381936,7.93987752048527
-0.07878735091062182,-0.033501176242661475,8.437840283677614
-0.03719333191507428,0.0006759667257419018,8.84402203136516
0.010665737127866098,0.008483319977468378,10.560666442198677
-0.04072808580490207,0.021146368264749534,10.13098679944459
0.03319328191910663,-0.06881606550116157,11.087260316163325
0.0015200152876088486,0.12496568036732583,10.725301065184329
0.05751604985314406,-0.028396741313414933,9.942140915460378
-0.03184151499705916,0.046645794222838446,9.806223228813659
0.028786999631724944,-0.08867409427383935,8.466504855911069
-0.03281214146133751,-0.11716229453049552,8.145025273866574
0.05785151356253368,-0.07562854931735634,8.48564897963103
0.06135333871939315,-0.0894686461321145,8.643402526165723
-0.00897635921876246,-0.03258066217424621,10.04458559383538
-0.08341766550602964,0.03712315288518988,10.36006827585162
-0.06230603327683324,-0.03925394120082809,11.273503573807373
0.04830931686198653,0.005851742739095295,9.922645323639019
0.0005882303877278493,0.03759127271867904,9.379585501869265
0.027193968367807055,-0.027361036743264844,9.58934803241512
-0.0711967627907184,0.017226908212067443,9.156485485568373
0.05123678876927434,0.04295980953834394,8.73309335395613
0.0018372119779774471,-0.03157313955809415,8.877514509220651
0.007271170301510108,0.002342208640423854,8.618384807810664
0.0029015629776549187,-0.05057324492307522,10.59505800569424
0.04239536616259794,0.07002111013653245,10.705730186888914
-0.026740425915740884,-0.00333178126393286,11.907466899608064
0.013449161686434946,-0.002849301170313993,10.853752073529035
-0.08453273949940746,-0.00933340152581244,10.78339017852558
0.12100851823327224,-0.005991778123689904,8.221987314508944
0.015222944570164237,-0.04873863840273834,9.190247918156082
-0.05673161025595137,-0.034114549236653864,9.442766361313588
0.05630732940962335,-0.10309105176572107,9.554108523680279
0.006527661833726455,-0.06369847225644105,8.38831760494318
-0.055066967645736986,0.07222843151763766,9.943789109293126
0.014850410084186647,-0.045488571657261535,10.413346996540785
0.00959952518948425,-0.02759733627282873,11.289377218881246
0.0553020508419042,0.026823037934841577,10.618872161526937
-0.0903331405149551,-0.0476976984800159,10.396345416806197
0.03413965577027185,0.03883527004027011,8.598620632163978
0.06918525091072081,-0.0352419901896338,8.499420729699912
0.048683610940867546,-0.023100197929674878,8.541022852791263
0.052715986346157706,-0.06003124236834837,8.922911626107712
-0.003931371396274449,-0.08337539549989892,8.5264196864327
-0.10452298555440805,-0.03219484550733774,11.023023006103665
-0.057127622997663524,0.005926614294992336,10.208269188370599
-0.07230990319760112,-0.024401141819192174,11.841284138731197
0.026936390559140762,0.10878231052875045,10.770819291207792
-0.07880789028757362,-0.02865558789927289,10.945338690375713
-0.031770003380660515,0.030606758561173526,8.799594198874805
-0.040208564493338844,-0.05244630240735032,9.662195791635018
0.052424606146173516,-0.0015713677515228571,8.530246606104207
0.02364147895111354,-0.009822419121982971,9.536734206429394
-0.018927988928751128,0.019102541807265686,8.647824360737799
0.05492735506283667,0.030763492853898695,10.639611846622376
-0.15932099331615435,-0.051526649708535266,9.707857751637023
0.025303596653586974,0.011774152859116822,11.14493694724211
0.0028111768435153677,0.02511402066875404,9.850454556273325
0.012805640785425286,-0.037086272718226475,11.451109071519086
-0.05496678170522817,-0.0017434763374986986,8.217633067366243
-0.0022118868378531863,0.009213586141035726,8.641816777476919
-0.08365875027090847,0.027121350619856023,9.190307721960833
0.025495813630199746,-0.005413843021283223,8.98240529844344
0.005832605315544765,-0.015423214994845245,7.852957408479124
-0.03203026929886374,0.017521615378161326,10.203351859605558
-0.04227880576149686,0.007036238290181173,10.529457960356988
-0.0702467704676749,0.008801382755332487,11.026783470329407
0.007988917025753434,-0.0027340493833219216,10.743053871409098
0.06936377302658292,-0.009918434888198746,10.953099428103034
-0.0013269371962971897,-0.0375846936349293,9.322537184096898
-0.05421024330240365,0.028684098098306233,9.364954276215993
0.006750644831940007,0.045799542823195975,8.139277057687282
-0.00029366285999625827,0.09081917326887685,9.482420362901209
0.08352443119558421,-0.025521269051574532,9.227905082696708
-0.016672103999250953,0.0015164916046119547,10.034178585108796
0.047540796628320364,-0.013345057160082342,10.251482554732206
-0.01760713090628926,-0.05278531797999492,11.105327273150953
-0.009921035743712375,0.07678210164784616,10.326437502384987
0.0042903436465968345,-0.029292664028033672,10.910971058606684
0.0221736889697529,0.05619170873593802,9.899051306981066
0.001286840993328522,0.028193801758397443,8.989963775996989
-0.014662492353153865,0.07250281544996946,8.643146335958585
0.008108905570417983,0.007727839253136548,9.535205816312349
-0.07017459201880917,0.0028030160545929207,9.536216827321468
-0.019601435087196546,-0.019024278865543195,10.052295967145387
0.02172622776680537,-0.08806687092969084,9.850674872082338
-0.012613010535698264,0.005379847657239186,10.873091085059489
0.094983252996215,0.057109008473491145,10.97425676511351
0.015667276529693613,0.06922307945787858,10.755196003046382
-0.032048405389649544,0.02249146265384573,8.293380660492218
0.09172463600341733,-0.0017880707774264447,9.63058416617347
-0.02863885130871697,-0.00493922754365041,8.628861984864635
0.06386472894724096,-0.05142613820253106,9.401442657531998
0.05773783245544739,0.06497150970223071,8.949248155135496
0.027267387018278758,0.030475513565927398,10.532418682937355
0.034312163284697765,-0.07976914155890279,9.458028880818372
-0.062224016339425564,0.01992816728428214,12.042952597994418
-0.00647560287647484,-0.10613339999289931,10.619939903187518
-0.02160434261584688,-0.020904256413545166,10.22696003779462
-0.15125952631996664,-0.07972012871419074,9.051437232782595
-0.06202544918799642,0.07876851119166386,9.594063179838114
-0.018563153909440393,0.0014082597751865589,8.189248634842304
-0.05381925976615884,-0.0037208799936287898,8.677401039984188
-0.11267605170057403,0.02967775487975595,8.752652515018966
0.009270991255290328,-0.05692092225630266,10.357567433899558
0.09210254125662314,-0.005475254907041427,10.312327309772911
0.030379856624011183,-0.04125704421520346,11.30512848776761
-0.03674857666712571,-0.016709603732185545,10.626731349384459
0.05105194857085217,0.09092190802136879,10.938735040472931
0.047822042153161354,0.02922213536596124,9.641253081891714
-0.0014465084446788666,-0.006706298642603648,8.989908307698213
-0.02949509428158352,0.0655121268694954,8.627841020656415
-0.027831290675965084,0.03485981411743405,9.038680423129112
-0.014228279301356235,0.036468143580379045,8.867283176300775
-0.010780895156047979,0.020123367773931707,10.89469112059264
0.06187212213293,-0.08060885408828773,10.59953861045939
0.0783047689159969,-0.023329799317196774,11.588582320774217
0.000188123407311655,-0.02112715180665665,10.854308278561493
0.02975579860301937,0.0702282300122747,10.91885153818241
0.05289285135837433,0.034102679229040485,8.99730327017223
-0.02775189374916779,-0.030468619658669673,9.183575158800183
0.031216364930291403,0.021418177435060925,7.9141011999978925
0.05194268581732107,0.02937705630745149,8.503477164578099
0.02971359808228797,-0.07478048246065278,9.127237297059105
0.043293885900230325,-0.054167736418587444,9.864154233405692
-0.08133556025208519,-0.02543598201637866,10.679508645546187
-0.05428980249252933,-0.06957373979050825,10.921910562748815
0.007568561470133753,0.06482717165554831,10.404753096582882
-0.07160052744171608,0.013613867032041045,10.99920322527879
-0.0070238862911211125,-0.07224538167857975,9.40967652566805
0.01795991742258658,0.05573029829661881,8.930061781429178
-0.08011668968960274,-0.049901335109148334,8.390711189971604
0.04488395680305787,0.04394494327889257,9.515157949730499
-0.025392361224975703,-0.006826945475432573,8.603309203244033
-0.0029616835256536795,0.04488183661975473,10.662761047703867
-0.003861104222108105,-0.022471390460008088,9.305586440299837
0.001602014374592217,0.07832217856659542,11.853824987380458
-0.03941101170598697,0.0019032637279584068,10.423324362723616
-0.003550255065993206,0.03795542239159798,9.522746901463627
0.059256828301437775,-0.005694911345113147,9.191114835351751
-0.06807439777949358,0.009782830572479228,9.391227582049806
0.02578337712993268,0.002583288726807321,8.575291010136459
0.04224871680542455,-0.07078682161326798,9.395136975544679
0.05080654156467088,0.00796494061308002,8.210755328073336
0.05249358978682152,0.002497131607493599,11.02384579683726
-0.002667752638641243,-0.028003394288411577,9.91064730860521
0.002063941628267864,0.0355587704617713,11.688402701447805
-0.008127901471691191,0.0262957098011838,10.219212215640777
0.045587358577672744,-0.0029692425035091623,10.801338682874107
0.021149222221344258,0.08166466976972117,8.888187129783262
-0.013827780115022614,-0.02579878497210547,8.834801942287324
0.0601937484671449,0.016101411700193063,8.890429393296243
-0.008223349690035619,0.054702572465336344,8.906925531520423
0.0689438138348229,-0.024517056924167058,9.435421309278437
0.03213813427058663,0.06161119292172437,10.767476452015751
-0.015019403747229713,-0.011087782634320406,10.15343629348617
-0.028245903295794753,0.04589574833799638,11.143398907235213
-0.05703781397067388,-0.04246114633308421,11.187875676295722
0.011909902833332684,-0.003958473166779032,10.273726565603654
0.006982901096183135,0.02346495170160697,9.260289150589003
0.020463842695259134,-0.027332475754713766,10.139305623093717
-0.015213349389951537,-0.010613508927381143,9.034182808590462
-0.040126514245380294,0.07066691369970222,10.081479689712511
0.0880276159050287,0.024498986324964042,8.790277609883072
-0.027979317560301167,0.04010059316524397,10.660593429866825
0.04292025760395858,-0.09213970579368636,10.146640875655718
0.04767872931544206,0.07056836923510194,11.169570964765052
-0.03764978725163475,-0.006097072868555291,10.348587590207327
-0.006660484773299598,0.02434456701960027,11.148727398330276
-0.036796125158581,0.08108080355412775,9.145357821468165
-0.08625693498245501,0.04627914777667535,9.64017863746308
-0.006064920515881088,0.062104642813449275,9.492948699556578
-0.02802265441025725,0.04532069707027097,9.941708544007547
-0.1011299854773866,-0.01213400014234748,7.939694209363809
-0.0042830600809278235,0.005326415401096313,10.684364325743196
-0.039928361921818034,-0.027705678780820305,9.33075701203891
-0.0010576098195995065,-0.01787266876276616,11.510206463465085
-0.0001980604519562884,-0.022950986671394523,10.3543685879536
-0.05776564590789825,-0.0599446354922602,10.659157880641043
-0.08197995170885239,0.13222752383688016,8.465421525952237
0.0031320096254741393,0.003701536925306865,9.093149780116555
0.03577897909682539,0.03378796491286485,8.377292267724467
0.03408544467393612,-0.046805071712163256,8.7897441066165
0.04973501107297715,0.021071941852232143,9.283571685031992
-0.051711574937542165,0.0030990829922869943,11.45735622190403
-0.027428042139557775,-0.037603050995805305,10.73099145641586
0.037233936168218476,-0.13489170157214858,10.77459549075047
-0.005792177289317664,0.05347740028697541,10.068533372775837
-0.016270956204537848,-0.06393388775309464,10.910758408351263
-0.010103771293585508,0.03655455521135711,8.614419816456794
0.0365780199193473,-0.023298463839730957,9.348747046541517
0.011266820797711012,-0.07278113824076902,7.8936326192392725
0.008162682613514034,0.0931563647640092,8.342366640339208
-0.058664914226511745,-0.01624458301460648,9.165962541661406
-0.016373299376762747,0.012908997502419237,10.525746962082282
-0.07896996565253785,0.03867001276028791,10.474198969038301
-0.08173809334637966,-0.04877394981531093,11.884859454076697
0.05775842031297188,-0.09160262929107225,10.43934192531463
0.0760609348198314,-0.04856051867722179,10.202053208646046
-0.007748296228186522,-0.01359296390758186,8.211842462009864
0.06928194095325652,0.09267337270928198,9.39444793246263
0.03564971821900145,0.0517342459507019,7.312669768872261
0.07066168740750794,-0.0057736907964084545,9.977065209598583
-0.012961808897418027,-0.055652096751065784,8.877542883024644
-0.015795206039309145,-0.06064688473736878,10.48204552783639
0.032522393245789274,-0.0024574292047979123,10.860369528463742
0.023981911561754946,-0.0013973929671981912,11.96250271160097
-0.005082409499380469,0.04301153933210264,10.114442428246399
0.018927344503610437,0.046362624607502595,10.740389488939748
-0.0022363163571684406,-0.04600289559077977,8.362082926914015
0.021876725304434037,-0.042733173181742294,9.110518612829594
-0.023651914022912945,0.004853448419675792,8.887488394208313
0.07734436857483092,-0.0294859855638273,9.86726210345248
0.01000552886521581,-0.0371473810033588,9.218180525485682
0.08780189321556905,-0.03980293836506474,10.911997399284209
-0.049558144536036894,-0.01646617310930423,9.91367338283914
-0.0027361283412803633,0.05249849087403466,12.053801537287903
0.01157628073516051,-0.05744755731189191,10.585545662614754
-0.025827457527023936,0.05247759311263557,10.512879676136702
-0.03702341902854251,0.04940007370655204,8.074834167759498
0.0032913428689664626,-0.03997273858572156,9.987723557802703
-0.013761399031307806,-0.04140352723215196,8.42934282565359
0.059917845424194205,0.08527339327095032,8.962447522057797
-0.08195325096926848,0.01942834723934846,9.068686528592393
-0.0019540442038224136,0.041908089350062655,12.096980506785517
0.03804146070596126,0.021240301554011725,9.91930208776794
0.029148191680594196,-0.0036989992610168693,11.604230274752059
-0.08170580383126301,-0.010175183661010624,10.077053829081828
0.11550119756709386,0.04937888949782613,11.269556334986069
-0.0068547157135899475,-0.01951395374473254,9.72998136454354
0.03262738628385222,-0.08827925104032752,9.973291670233705
-0.039555588940032,-0.04515402889190377,8.650118220254518
0.06595751983060513,0.05596262868737759,10.203750106387487
-0.13066231037428264,-0.049639380505942604,8.229869621633474
0.030565427010257475,0.07632832139445783,11.324693668682588
0.020441272843885083,-0.0021484458715150226,9.589962866745138
0.00828482771862598,-0.07123206724482788,11.59558527523618
0.010725513838300376,-0.028009690177794797,10.759345588804617
-0.08092428036073394,0.04355554218326882,10.361651015314644
0.028102450813420405,0.08885528120790727,8.283237170932335
0.03832367347777404,0.0023834445181706234,10.085630284196858
-0.008782605780772263,0.000775473928539628,8.709356251769476
0.06622497032937798,0.01105306986790204,9.802088003343192
0.07087896438103702,-0.034055010118695224,9.164944797238547
0.06520411793971732,0.03740650716251895,11.170837018994746
-0.04698270854780539,0.06496804279964218,10.53025005455963
-0.057260472667804985,0.007370606526501349,12.07362619110961
-0.01968918069827936,-0.04676579565449061,9.673643313007908
0.018646147905010596,-0.024869167077203574,11.398496165045092
0.06132494056911365,0.021109964006949894,7.956220226457687
0.020722395851013205,0.004724484486099734,10.030400251316111
0.10317116424269208,-0.01194564607671101,7.7423459161422965
0.030837351531760288,0.04321515080687698,10.285541002042612
-0.013438785159121773,-0.006062289525456827,8.48114771289897
0.039746341884553685,-0.025426999707975524,10.37161444294598
0.04737973088472561,0.048458938829324595,10.389779314636721
-0.036129658578826725,0.045354793746617106,10.532129098114961
0.004609879576144493,-0.042006052271361824,9.882952746757567
-0.011545975405978258,-0.012930226533799993,10.63436055771852
0.046208968181022825,0.09228025886283926,9.156808873268595
-0.0013512018194853388,-0.005362138325695494,9.301486228053927
0.024410816349285276,-0.035021251950535036,7.956953164508061
-0.12504898178935436,0.024636981341375735,9.561970495848858
0.02243486788292641,-0.04820151891943363,8.794965739584294
-0.04017335065383853,-0.13196641901106795,11.251289826045015
0.0419322275564451,0.019673077402305048,10.536259110570438
0.031032059925845918,-0.05040932055386316,12.43255525678969
0.019518344191178094,0.051337283466729514,11.109516452930952
0.03909845575595802,0.031178853405245295,11.429984784265258
0.007597303706859984,-0.049714312332826555,9.098316776793583
-0.07547567600649441,-0.01749680211446111,9.858122795084931
0.014842322289956284,0.009903909195134182,8.704855845164301
-0.014337658024710199,-0.018974890450446105,8.888052844027499
-0.011408068630681284,0.03562466800956866,8.904753974280728
-0.022894710229879454,-0.009073523032533207,10.368672481832773
-0.03184482598144979,-0.028202271514073812,10.92728360533514
-0.04585684647351769,-0.007043143005093431,11.520936059022546
0.07464400997365893,0.05808555082605421,10.436897773874312
-0.034399742403866,0.06054031412637955,10.628929986891643
-0.011237306188114894,0.042318444759584684,9.039564178095086
0.0838437753375193,0.021979805291199053,9.982013942445922
0.09489256680723734,-0.022040501493280754,8.150930367380656
0.03320710870149078,0.010878748750928804,9.207100694051064
-0.06937039667238597,0.04146603261037917,8.730104632956625
0.05874624867483026,0.054059364328535246,9.740291571461324
0.053112626401343635,-0.013874764338032336,10.17731081965026
0.05132196304271273,-0.0013782948141214022,10.834685777735107
0.013117266166901185,0.01942414215709045,10.216206423158201
0.043087251501667354,0.0030942357184653266,11.201954047151832
0.08317459082340947,0.0007802092469437259,9.159646717267108
-0.03472747712718345,-0.07307508003396111,10.030476473865317
0.002462240595173455,0.1044734216942135,9.321404868043656
0.0878485336734927,0.0074642997283799,9.487259997176698
0.023712653962359314,0.015399826043219612,9.526520763607238
-0.07614263937096424,0.006879333352079947,10.469976421101459
0.030480140210642517,-0.05088228730190684,9.798478007067658
-0.04465650860134185,0.02378884573512782,11.265668774400037
0.006643994298749015,-0.029722990330823425,9.70497654414806
0.007459391355962725,-0.047370732522356816,11.133193290642819
0.05361845436766649,-0.05613002946589532,8.402108841750291
0.002899390421049367,0.005735738144355239,8.698426728566922
0.03642950913704132,-0.03776795584106409,9.078146409645413
-0.0168412773688347,-0.07775626188874948,9.396446500074227
0.10839631200295774,-0.054054190892647846,9.613161660360536
-0.017353597184299477,0.0773584581007718,10.55655714951111
0.01594936729928417,0.01667775321966442,10.342657858925925
-0.043834344785869866,0.04084663306761998,10.525196734662861
0.008479669756874612,0.05633597460618888,8.831697388912769
0.019355248678140487,0.004548424713181732,10.333187634645851
-0.052711758106536645,0.04939042401490515,8.60271535130601
-0.027562679765451376,0.02851911185120732,9.73870815425168
0.02822351981752875,-0.0389157928682994,8.324479138223742
0.03239108316528866,-0.012863695089764902,8.831288836187202
0.07436519989342465,0.0239936049783992,10.242001881007278
-0.006355735919357026,0.0283749118352798,10.708800713413947
-0.008138838204169122,0.012831881433379575,10.522423609361699
-0.05347772485194228,-0.044642463496504324,12.112759092037159
-0.010754630646165504,-0.02076564120390591,10.874819438721874
0.047850253610122295,0.031088619734021196,10.586359822917437
0.05934666561546034,0.010387941723813566,9.519423109495971
0.04355744297266818,0.002558830269765045,9.256980134004204
0.029255842282848967,-0.011080345055728332,8.702528923348027
-0.02009639686339302,-0.03095039846848673,9.670791644293548
-0.013032691616046975,0.013337888894613688,9.030017771288508
0.04634421248176833,-0.035554030330451236,10.62545588836871
-0.05118868710630602,0.018386986406067226,9.354175743556905
0.05662792621003664,0.0686682590731205,11.972802193614678
-0.02630046124816332,-0.006946912436411501,9.577603241102034
0.0325709286444959,-0.021512269642655336,10.303811290652124
0.02913116395531878,-0.04466327663296556,7.865785759436041
0.08365401809589801,-0.017944120030577968,8.330341159000556
-0.017710670487843777,-0.00524355624512756,8.518856091331767
-0.09312273166248568,-0.022221343196595796,10.330618806601192
0.019002527974529684,0.006732416369940816,8.123572940070664
0.017855377413947465,0.08530884201149608,11.041849120723555
-0.08829965872282175,0.06383534808799951,10.917970920350724
-0.021466373092413185,-0.04795471546237629,11.33135516913967
0.049172924308301495,-0.055711735376283766,10.199739430825128
0.013221932134842832,-0.038827726978922346,10.39376785776636
-0.008529661983154259,-0.06228757263405901,8.157366760733117
0.07079224716797147,0.037038778240629865,8.85611123650148
0.06416119371703986,-0.03207365134445536,6.64333562854149
0.019130044800318796,0.03764668277326033,8.730220080768682
0.07364125441625193,-0.03996511359782483,9.802490858175211
-0.0286657268027277,0.00421669140974366,10.906491809173977
0.011598346814158486,0.029300390253271115,10.20278547352053
-0.09839482670185484,-0.07108244535202775,11.172304463641531
0.015911189938654573,-0.01604398313557645,9.919763249908206
0.03965042060229366,-0.03334604147536401,10.726617253896766
-0.011875486547492356,-0.041013903031144744,8.916940664206757
-0.012308785071583776,0.0015048880480018475,9.173301344704344
-0.097767932279551,-0.05095325312997421,8.563888632974248
0.0155315886852571,-0.1315965360773227,8.0275154137449
-0.00650326748138189,-0.02817492523849066,8.764504728054227
-0.024377397503289322,0.05908163925321992,11.568998625860633
-0.006512769222974133,-0.008410836304967374,9.923970260962687
0.07000229052481674,0.005846596198223877,12.04310205561673
0.021089837646392186,0.028935729461226047,10.375981294422157
-0.055492869004529134,0.07281730910424423,10.268016460489333
0.045315693770512616,0.013170008789749083,7.867695934930922
-0.11469801614021641,-0.006769378542321207,8.473535376707996
-0.004675687788095186,-0.05302755089618341,8.661465666070933
-0.06135307795389542,0.029863584416612937,9.361071692662668
-0.012073046083494084,-0.055586717327224255,9.590694628595607
-0.0037957812662833693,0.08104210069955738,11.223723052646008
-0.07834299455791574,0.0992694215512915,10.9156833360429
0.02177670248996064,-0.003557628432172272,11.552123970277146
0.010037602055515848,0.07683615796443033,9.901272559562221
0.03901108101065385,-0.047533099214735315,10.458256044153156
0.048484984293159755,0.05197233856709504,9.563326247383529
0.002997869427948761,-0.00026349312644692054,9.500164458016275
0.03315558910816803,-0.07944524984887612,7.240473750508203
-0.0733188232745014,-0.02554513953960825,9.712502020004735
-0.021508086807395983,0.03969336454942767,8.677320868809648
0.043278697948089334,-0.09306727805920267,10.59552299329125
-0.07071435550570887,-0.05868178342742954,10.046925380672084
-0.047784938195444264,0.023287124975378472,11.832135227545088
-0.022753692181857132,-0.026164795392624663,11.009136611666536
-0.05640795712546884,0.027899856112120106,10.59242351727785
0.02924447623579503,-0.08016722451879134,8.9037844204351
-0.0034177497199589127,-0.002725250221713993,8.899139935364778
0.0021240973285585655,-0.04921960560398289,7.8504746859666374
-0.03651537327981886,-0.01136313120998387,9.199668266100256
0.10598282805415148,0.023300355070520265,8.468659604689119
0.0018263410497678847,0.0541269604465819,10.747585775506476
0.05371232921766525,0.017909221626526667,10.790420518064797
0.06670576427805953,0.004803966794249357,10.21706980690684
0.01587120908654585,0.03823822064588245,10.545198238289087
0.05049383799605031,0.07977127449571457,10.465219587325528
0.07006495195060274,-0.054347463485473604,8.678526624349136
0.036816199297289166,-0.004424561433272329,9.216273172080074
-0.020080149882726498,-0.005320087396957887,7.941869589625224
0.04877991242187588,0.05709246544265707,10.247547258960418
0.05300767529622931,0.029877377218725666,8.900416008761793
0.05264356871943006,0.055770645179566286,10.83963615429296
0.03891040854497757,-0.11558931663087622,10.59858918091157
-0.03471005866170194,-0.01432064242011753,10.56826285010963
0.014452339894234098,-0.04089415029585578,10.847735945903567
0.042796750585287355,0.06163474178571211,10.221491311106764
0.0374888296530775,0.012217327374138887,8.641982813064153
0.04297201749465065,0.07546999859842117,9.437567576498045
0.038275517273199444,0.06075996177870943,8.498505306024141
0.03716743560738599,0.013601118411779318,9.18433394561032
-0.007979335380375275,-0.01709901394817373,8.830518901539259
-0.04434951647362157,-0.030182542889027886,10.328164229164457
0.07638099328621414,0.004047712345171508,11.35424814237157
-0.08562900533895937,0.08502163578901178,12.579897308318117
0.0623319117913822,0.020331298772726943,9.503908592756643
-0.03968393298787408,-0.034672392625110786,9.842439016749967
-0.0406123493993836,-0.02546834441985046,9.807655558833131
-0.0064749106010950136,0.029514984903930754,8.768363202258794
-0.0021719568228600063,0.03780564696295923,7.726977951578316
-0.035646981538042355,0.06266038026330549,9.11798335386591
0.03614368941537956,-0.00884657336881917,9.62189833548175
0.0009730018100814864,0.08735343855257416,10.445876697420484
0.04761978696627777,-0.0030651167299900607,10.395434141064246
0.0011931634350923826,0.17355192382896317,12.010400727434632
0.07429147987933223,-0.046996627271649244,10.62243139137729
-0.02292423615330544,-0.020619818104460407,11.058421275026797
-0.01689946625569291,0.024067347827926154,8.878753047262748
0.020016826458902348,0.021467898323285856,8.937883674958586
0.04583495205408098,0.011405915911809693,7.8113335660930066
-0.059424767922019096,-0.007646706458697631,9.652231963044718
-0.025570039326668667,-0.03219771907679089,8.483997286109744
-0.05067561958384639,0.03525479164507028,11.537906075685873
0.028611611310834992,0.12529351190083748,10.607190810144914
0.06968339333062541,-0.08627774666530899,11.939171695673384
-0.04316745597298627,0.024063412994908513,10.694123274436143
0.037661895749223046,0.1127131572125376,10.589875531227216
0.005972585718261925,0.021851401786022507,9.164802611068513
-0.08240157339808633,0.0655580201585501,8.6845792798065
0.0030599064678095847,0.036742513141509794,8.043899783943152
-0.10649624323381715,-0.08153155963648907,9.087832121347393
0.0046951572254245524,-0.07354125608805975,8.706279330350444
0.016952448983045997,0.007744464994344655,11.046876322833707
0.06925932113257692,-0.014632239197718151,10.253705909651076
-0.06359855170188615,-0.044512314875738423,10.219270689464341
0.0029392046131033775,0.031445838067999235,10.090734929034806
-0.017127143408589895,-0.0017133567632333356,10.519471209752819
0.00011129739255720006,0.053772743959216975,9.002007786340648
-0.0015402941573293694,-0.056619501047588595,9.659300784707659
0.04562392424735098,0.044437609079761964,8.486757411597281
0.013205958149603337,0.03124407343902416,9.352891280143574
0.12883035468942364,0.006978204561256001,8.908651945478251
-0.1469865396884509,-0.022219757239520507,10.711943228950515
0.004611475660956775,0.019322927227402427,10.34476513944659
0.036736713905747224,-0.015131961451090404,11.784661559610418
-0.030179733311968118,-0.002359442259285098,10.528685059907364
-0.03477182108876326,-0.031280814308832935,10.034875223855023
-0.11088150991106685,0.07603944396381457,8.69981644056165
-0.06303107812191948,0.005624204350209724,10.004205846707887
0.00645324104445627,-0.04851495875181595,8.751598926275086
-0.02543430085338705,0.007366734447071157,9.09100703468137
-0.005677684919999785,0.022260361892201038,9.532175924520871
-0.0028900314362658307,-0.04782326102521507,10.133596179983723
0.01370155013423826,0.029444071436944802,10.190520523125672
0.09049342243882003,0.010929997117776799,11.352693163276417
-0.0412894661914463,0.02775180282268997,11.680784404216565
-0.06110350223202236,0.01557469807598545,9.441876170462487
-0.017822294761583722,-0.05148583694089546,8.91711362120684
-0.08799489242505354,0.030146344518606483,8.832685787648758
-0.020060663789151917,0.02331528365301003,8.936660516755401
0.031346713493789854,0.04603262111596365,8.26805652251335
0.013028797445427055,0.038342552074024414,8.94878023278233
0.014951960641573968,0.04444240333129024,11.207733279392105
-0.012911739683798657,-0.013183986145460536,10.308224887626386
0.026578049026215605,-0.00449653496073768,11.210795374965551
-0.03585291718204112,-0.05150598719088654,9.885253966777277
-0.11931851084019057,-0.07913918005875417,10.274470958118744
-0.14613456975183226,0.01628986968023802,10.050076234319118
-0.00492717093120282,0.03305352360819257,9.380275516957834
0.04051312316542773,-0.00686649925961949,7.582712201106447
-0.010305880501437763,-0.016737127887227927,9.96391105330701
0.054740324531793755,-0.07356570720854615,8.895287064511086
0.06737422488267841,-0.01124776722233574,10.753419347166755
-0.03537328127961445,0.02744996356118298,10.128798745157393
-0.08136450278676838,-0.04905124945071957,11.481664552611228
-0.021494498896802015,0.0010785113839352856,11.196907918213938
-0.03899274694057617,0.02248866802833313,10.659685077705115
-0.00347361598661703,-0.00014363306482114107,8.55601105777409
0.0025868459988071936,-0.028616689963356774,9.201849997729711
-0.035898025472380884,0.11009058263463106,7.822598601500834
0.08564282531815208,0.027622161693969156,10.247419293784995
-0.05638726409283527,0.06905981722118752,9.041198746447142
0.05852711900673762,-0.0652336969576576,10.450136473041765
0.007135327502232747,-0.0503036475654433,10.034244006419307
0.03871050376728344,0.02319282373181944,11.28974993015802
-0.023887565835764887,0.08294222051746235,9.932645528731076
-0.0015778831384240966,-0.11225026932850393,11.249393286502505
0.06654429438213087,-0.018709107955446665,8.08161424541289
-0.011415805031284407,0.06699396531088093,9.397846821131784
-0.016436720463781262,-0.019950133821867853,8.995447993600907
0.00347205746610764,-0.08917037659490934,9.521275611133996
-0.06755288400992131,-0.0031852892317090764,10.03761165334118
-0.058687813008286994,0.02915496717039604,10.273679140351035
-0.08232319576462066,-0.05159147750276112,10.857070809505721
-0.06685627447193408,0.06279099007091095,11.057521872252519
0.028352715241598454,0.03061245310749477,9.938789980044191
-0.12337677711783701,0.03420283160670781,9.23297967850522
-0.03462141241851594,0.018762122319567497,8.737797611131283
0.02187163190509936,0.005151922871440631,9.029782732701921
0.005882628668383294,0.015181066448365994,8.594678123530038
-0.08702070465322728,0.04580264672281947,9.3784492857361
0.05387260679392039,-0.05320653441377994,8.186903080193852
0.06886354648997249,0.00963075713443446,9.797391773147856
-0.12953600525152506,-0.0005524085309262936,10.15251365454575
0.10451457681679305,0.03708732854860294,10.309274898219861
0.025873440378777497,-0.05517393336019169,9.746267563594598
-0.014934822261738097,-0.008261335514395859,10.220611460229636
0.067493220885444,-0.08573139441932166,8.83447327476625
0.048989591027762375,-0.017805769924526132,9.376069270113513
0.01244258259624188,-0.03177805647417357,8.877723987026995
0.03054464573227768,0.012600379301881426,8.606645096372484
-0.057508833739518594,0.010145338605851971,9.516035950938747
0.034976377408575184,-0.024688479079331693,11.102419392653818
-0.004412025563321302,-0.03500807465019878,11.032037293409067
0.03762588887743153,0.019068139768267052,11.036333773681491
-0.08156090969872093,0.03773441905480439,10.870605136881954
-0.028207803215195688,-0.011783019746334377,9.827361050496613
-0.06576482821485498,0.005642095367547922,8.613864100935624
-0.09955264713488461,-0.10800961815533419,9.127693593320645
6.863422097966068e-06,0.059856386924117023,7.283038790893825
0.05615953693721956,0.014044751059322808,9.401870042423802
-0.04484725762337752,-0.006158304112294696,9.751563753239365
-0.018503893853506013,0.026548435495271083,11.532097279936469
0.04200859462288273,-0.03826084470385947,11.000941473766195
-0.010584044273349469,-0.05692398837435843,10.822758356382337
-0.008028800402257164,-0.028701920550879657,10.378546628273746
-0.025282961199002904,0.01392397913927928,10.111622113038084
0.0654252069685594,-0.0019491994141613502,9.09777332569659
0.0037773051464590765,-0.021624579861114056,9.671275062898358
0.027796101758792727,0.020871375610678408,8.442749473839445
0.0021408643193165234,-0.05187105100169758,8.795545743771646
-0.10364414049099602,-0.015826116637869758,9.616977713222603
-0.03154559974358271,-0.06590946799051468,10.920655909192622
0.0673239473098299,0.12497603085418724,10.699691275679921
0.06939384445909552,-0.04849153633317649,10.909178318694595
0.059787745177685474,0.06436467671084438,10.7069562831546
-0.03115011829403925,0.055414863060775234,9.820757707731095
0.047378334524701804,-0.08991824556561889,8.943377408451964
0.01957703993447574,-0.03984984242080174,8.810537692328666
0.017574058427109785,0.018482043703789263,8.427336789698385
-0.0208750702054415,0.04811710071048119,9.001492030981446
0.02950120606569023,-0.04504941252116579,10.430402883607572
0.06352212465465289,0.04740551116077345,10.725659361493372
0.0493578287404136,-0.0249803880499945,10.881498724680757
-0.02445626438716803,-0.05826938353364017,10.964769600369669
0.013410430636969393,0.03481654844365305,10.969251755966395
0.038601380564067006,0.064428102533221,10.52434717606995
-0.046683394270107925,0.054728027275101246,8.997218198946076
0.04118481158446358,-0.038234811756383255,9.059401549233408
-0.024804620191916576,-0.042464793475968536,8.893713842351879
0.007120651047386697,-0.039695857142164524,9.902452060409246
0.03718035107303954,-0.0027199364257077087,8.752199781607743
0.07999040105133845,0.11151343523885485,10.139241451990536
-0.021675512793445196,0.01583902052290116,9.93248455935587
-0.015242336133626437,0.022742019659911225,11.130903914605067
-0.012017867276324755,-0.04848871735685188,9.981756770712394
-0.012214711378974603,-0.007418308323419713,10.179727307120023
0.04351987875462332,-0.02250169820674866,9.168875441647797
-0.03772110295826674,0.05771697891951123,9.292864390397908
-0.06637341431566944,0.04889969746544174,8.961412363399498
0.0011503588647832784,-0.0398599122553649,9.67066393791372
0.013813998156206063,-0.06946455681352111,9.190889454123866
0.033795357483671865,-0.002782916417276162,10.592766825113278
-0.01523604846098339,0.042342138123939575,10.74530331097372
-0.040156063837981856,0.016389940133423684,12.063530852388318
-0.042603314678732185,0.04479485248674582,10.070550560055795
-0.02930541913947056,0.044310965329136795,10.53944122379474
-0.025967114304343536,0.0325299411111469,8.294430931879393
0.024867402766489608,-0.07882028638230563,7.834938912295343
-0.04374365536877153,-0.019470052645758282,8.738102945370644
0.037019948028457435,-0.008747522688946833,9.92524482305114
-0.09134075273425381,0.02148641971252956,9.599089163153154
0.021472516953828347,0.02848075137027339,10.342590315340876
0.14451964421133598,0.03711137530111793,10.634232129165198
-0.03450083749896622,0.06394530162547993,11.081017550946077
0.01497515037197473,0.035149260341019076,10.096237618770092
0.07859217385357964,-0.008702951149774037,9.942664726624628
0.06863167684171594,0.03197651214026291,9.692317443002063
0.0008139591143174922,-0.02569041767645532,7.929424479169777
0.06486078508766967,-0.03772932382772015,8.558126385739984
0.07373498665714266,0.05076485160504655,9.753681860884816
-0.0443592289727352,0.018857956559955855,9.128360571339542
0.07627761088341782,0.025105823965117288,10.284087898269476
0.0006493198232977666,-0.028563612206261246,10.661512243474597
-0.012973420069062408,-0.0004266866217101013,11.831129251726724
-0.07175052324019096,-0.04966457448611179,10.456423393613857
0.019346906317521353,0.012628796850803198,10.30288168631982
0.041406640814855684,-0.05665809118501321,8.305697124805516
0.03484374406304022,0.03618019435081485,8.56397597723048
0.05387887136152754,0.006635376322816368,8.23284731935533
0.02816356389418753,0.057741600255713094,9.339282758822824
-0.08491924331295708,0.09039228508743981,9.311024287832364
0.0818481036797486,-0.06172453405477943,11.043829535958228
0.028592864451752353,-0.04367009729459899,11.011716224394634
-0.007930962160359175,0.0583723675014676,11.114148803496281
-0.09388762356274138,0.04212043995631664,10.821162515331723
-0.022198411603423323,0.08847377881877919,10.071274547910217
0.06330922676307604,0.12586198585732652,8.63600442577727
-0.08107400496803047,-0.0009675638399281369,9.474352506991432
-0.06348477432219292,-0.05819063812618527,8.675268625726646
-0.03282692775587079,-0.043380205912365626,9.019533671637546
-0.07716003194065507,0.08071804632775954,9.76185320419752
-0.04416181371846373,-0.01742488998320396,11.743601447417952
0.02384326291953759,0.0017774568922799107,10.047890128654437
0.0075614425196765395,0.05108413957293983,11.422861910031818
-0.08753599574138388,0.008532041674617385,11.083267776304437
-0.04293219889404923,0.023382997861424056,10.16804608859075
-0.023064521068410684,-0.03339283704114596,9.253176216597105
-0.030777260160432775,-0.0887095410007174,9.278430560000906
-0.06447935755613224,0.010327322279658489,8.26291973769313
0.048482945565251755,-0.07987917187326977,9.418360106172138
-0.07092549232300076,-0.021428830492964707,10.180114321576374
-0.014557452459486635,0.14299900514691205,11.5899456276693
0.06418145181193852,-0.04022424372455609,10.750207994425661
-0.13767185958329992,-0.003738424185334151,11.019534265857153
-0.009313721780589633,0.07675980716467382,10.39876320999329
-0.02857182767073954,0.055015481892222454,10.053583876070338
0.019918914000864804,0.03084076380883706,9.071271995879744
0.023124757113672345,0.027197755211393594,8.66935768338612
-0.039050999778032947,0.04122505135184583,8.04631449875957
0.037931177938437005,0.039955647077766,8.631614633467278
0.019292204297598446,-0.03924412350587848,9.76366830953463
-0.035690919671003365,0.06331031920267079,10.959133532691506
0.01701453844392804,0.030656659279433632,10.748606403799425
-0.03618640598312842,0.009662258420493591,11.55540171731863
-0.040302234002445286,0.08059956791307937,10.318376119384574
-0.028815312387826805,-0.008825169125189073,9.471135083588825
-0.04410547301096382,0.008262200163710884,8.794096006821817
-0.08190353383715328,-0.022106181647838005,9.053619429686579
0.0022601728990171875,-0.02218525820293311,8.506395810105978
-0.06325355807047368,-0.0242373204027012,8.566889264893451
-0.015274744281131795,-0.03170889390278371,8.932538171813354
0.01430463583816786,0.017967883700099215,9.804263704862432
-0.05373832979958788,-0.02183423704154567,10.858973628318326
0.020723659337909442,-0.06196430929582245,11.54825831948628
-0.007065764931719247,-0.08753435517824408,10.05773120662504
0.017864858420063325,0.006525415549544319,9.836076299190891
-0.03736782528736755,-0.04320130018211691,8.654090714274265
-0.022522525108749206,-0.025403249606397338,9.814633150866598
-0.019839983543877362,-0.0060887746932924945,9.144694701181274
0.04501736289639405,0.016068578942957955,8.67174180766403
-0.0578440715728612,-0.06602147090808275,9.181116172512692
0.05462651356230849,-0.06447545052094582,9.887260289063361
-0.03714857343558187,0.042045373128209586,9.93520485990636
-0.04518590717485442,-0.03924203282261643,11.731986165446047
0.052553919375027784,-0.005002568867616959,9.565697973530932
-0.0547559754443563,0.0021300049944194817,10.084597855437845
-0.06546337680525662,0.0032003124933952854,8.715760042887148
-0.04944459533338424,-0.019348973250377984,8.221960594136904
-0.018657927117050662,-0.0012970222806127122,8.214826403305887
-0.036243331494514086,-0.07165616635131891,9.55130596140498
0.01811916827183747,0.032614312686249695,9.53653099340306
0.04164026407242309,0.02219063581305459,10.306647093152732
0.012166769902973258,-0.004032350708557606,10.253364226987799
0.009011427534509153,-0.0029383533757484006,10.991843843931688
-0.01866864058620394,0.03976596623400591,10.557159466695643
-0.012290667649173083,0.03263155698878605,10.773996435899903
0.10134969054807824,-0.04699357911076327,8.724483664431968
0.06833779074099426,0.01960808311335108,8.874355086648965
-0.015984796400914183,-0.04288750641049763,8.85484595965595
-0.023849119000163364,0.01909798362259136,9.737612391041745
0.06666834180859818,-0.08319079638554558,9.064441966796775
-0.0071459003233837,-0.008305760089094517,11.276192011737825
0.03651591649770828,-0.004688039725047166,11.423497158842814
-0.04597902895719411,-0.009147694960555737,11.319711085553273
-0.02493408049038349,0.02495739196895619,10.578202943575189
0.02909508723479151,-0.095102251293891,10.38667148990001
0.08178596302778302,-0.050419581058554035,8.65824543557417
0.01743116928618044,0.0695321107259428,9.152668080106437
-0.008274833192175198,-0.002619544826547469,7.823075050505723
-0.01181833256048607,-0.020777989832970065,9.440910778877608
0.02038414966571223,-0.024174611703652614,10.278780322740236
-0.06144738560425209,-0.1296027261537576,11.696156154528744
-0.014335159439823636,0.045779226023562034,10.610884285892473
-0.044728587947690836,-0.038826460739137585,10.564678480868825
0.04246302039645863,-0.029767085143813817,10.449222625500639
-0.04008391118350584,0.04191117836873349,9.243716579621154
0.04119530063853713,-0.04237426009778368,8.897465761437637
0.02765041306605119,0.04329964738138637,9.051495072608404
0.031851829064344805,-0.011447400536429184,8.199589986770636
0.006183696509379669,0.032470995139055076,8.656079358122334
0.0234017426468816,-0.03553368870765012,9.406175373129836
-0.020077827368351526,0.028409815629496394,11.099242514101437
0.038985481488380935,-0.050108781289072195,10.541629829586599
-0.05592836682636331,-0.08733682194987874,11.382550835587706
-0.03817774548911512,-0.007231990964961735,10.23628450118735
0.02967715762493896,-0.013945850714602234,10.264455361941103
0.08040073963256116,-0.003552286678712886,8.379090454009354
-0.09078115151379346,0.06348483701249386,9.152696343867724
-0.08464980790792548,-0.04713105785549008,9.012543143323034
-0.010852308070571255,-0.006205060958584096,8.89922491265901
-0.06060617425872908,-0.05470881531269481,9.886806268954505
0.034502916193340075,-0.015577272987542166,10.421727740254743
-0.038487638713767626,-0.050194223364632945,10.163576054635922
-0.0054203049289909735,-0.026217851179785992,11.587701423860151
-0.012200571342792892,-0.02465215728373523,10.908600877058419
0.023282673784282018,0.005108555657543691,10.154648944660888
-0.03601471256825755,-0.05016880090076523,8.872601632712875
-0.06700953206685781,-0.06339392137203553,8.711773295871955
0.11794456586416256,0.027713326257414374,9.015249380265978
0.06481054348197536,0.04739743145758826,8.45377938964972
-0.06309712140137573,0.019058386284252243,10.042125021372572
0.0022254509156852172,0.0004734623359234785,10.325135711623645
-0.03059641500716814,-0.014123945477773743,10.457780845689697
-0.04623299636919598,0.0012554743063751574,10.941549086770536
0.05509833190677287,-0.0917444935644267,10.985060762692996
-0.02732569038511239,0.047584140285737264,9.523262462315891
-0.040618266442094236,-0.016082609318625197,8.944482396144096
0.07001267074745225,0.03966943119097163,8.552302247732648
-0.015924509141242715,0.07709522919793164,8.37813417663861
0.09844770179405554,0.04508693636013022,8.232934941028354
-0.03991980345592216,0.04234609992897752,10.111556105459004
-0.023853408183547694,-0.029197412139714492,10.434476353857656
0.029586677306534404,-0.028060938780986363,10.82509267128206
0.012624673183487568,0.04721517291906904,11.955200745339274
-0.04855066797159055,-0.0352901300580117,10.620194048345155
-0.07016783838371932,-0.08272128647038807,10.40383872702688
0.02339869487460039,0.012478158406682002,8.775520954245788
-0.009078825060262738,-0.043940379140176775,9.307185567437458
0.015806805526474683,0.07294831574617776,7.664597834235054
0.059445012155060074,-0.022141169346848177,9.447897573749577
-0.022421221076672986,-0.040057355955908765,8.800806009142725
0.02309055494301132,-0.03066248964070551,9.754792275651477
0.08175089175171939,-0.003712512550396957,10.637489045056963
0.006554144959602068,0.018514435388455264,11.130602360326051
-0.005374406540132419,0.06780464313868438,10.546354600379608
0.05080323359716862,0.09891084580837432,10.053139433958703
-0.05555270628930586,0.12362802783341338,10.014486187158969
0.004693499830576053,-0.003442300027098648,8.899334702458109
0.024219394537438724,0.01985662769886493,8.683769437686198
-0.02411638267166736,0.016964515767123028,9.304051833659509
0.014407084520355648,-0.10573272948557484,8.891850401025023
-0.056026312324737516,0.01884248656252223,10.087179050142474
-0.05605826769146173,0.019581762247407986,10.514896822396036
0.02217662163311844,0.017173434732583957,11.185550736052873
0.002694051362589748,0.0007700563321945455,10.695369984363483
0.030731881824350705,0.002695787598122454,8.678395726663775
-0.03447269660601475,-0.0029817717646127674,8.478340688254423
-0.01118630383706947,-0.0352212464106651,8.834737556874336
0.01727913049980123,0.0035955632927844395,9.083344400873006
0.013712613207996827,-0.02118526457572514,8.850537570233488
-0.01461540278173628,0.08644026392345612,9.93164029518815
0.0165929606413971,-0.013443379447481866,10.654860847245752
-0.06508180321645377,0.008740706776034305,11.302561483469557
-0.026245057709939148,-0.02787498469879686,10.279628854854874
0.01729570407684945,-0.038888526586547234,11.29612926805466
0.06301100237741038,3.585017102665222e-05,10.89214180032732
0.024091368280956392,-0.03615657983647854,9.577016460773292
0.08931854112238095,-0.03184275892881552,8.924690692077695
-0.09831168314300062,0.031100590722316742,8.708365510597423
0.04989847671119746,-0.022824224568108578,9.12133973639278
0.0036803468692896985,0.011022806494381043,8.616583307053773
0.12959608276332185,-0.02817602689942769,10.721255851052724
0.05467240410681569,-0.05262200212197665,11.85064498613312
-0.087651338420729,-0.009873253957241257,11.203955569131697
-0.025796430873662762,0.00047011560806027147,10.212942176081246
0.012260543740699998,-0.0410126165134739,10.119200088845137
-0.006474431277228693,0.0488309566282037,9.050244714451186
0.02345017024655176,-0.02299298559230837,8.1720151004789
-0.025687879485714982,0.047426375417005874,9.136069076073937
0.008987461092653894,-0.03244553941916855,8.777394437582517
-0.07308767413815447,0.00618828011289676,9.535334252595408
